{"num_layers": 3, "units_0": 32, "dropout_0": 0.30000000000000004, "learning_rate": 0.0007794198053538327, "batch_size": 112, "units_1": 16, "dropout_1": 0.4, "units_2": 144, "dropout_2": 0.2}