{
    "NeuralNetwork": {
        "model": "NeuralNetwork",
        "params": {
            "num_layers": 4,
            "units_0": 128,
            "dropout_0": 0.0,
            "learning_rate": 0.0008875244085783643,
            "batch_size": 96,
            "units_1": 256,
            "dropout_1": 0.2,
            "units_2": 32,
            "dropout_2": 0.30000000000000004,
            "units_3": 48,
            "dropout_3": 0.2
        }
    }
}